#instance	size lb[cc] ip[cc] apx[cc] runtime(ip)[cc] runtime(apx)[cc]   lb[t] ip[t] apx[t] runtime(ip)[t] runtime(apx)[t]
gg_ip_size802_type2b_0.csv	802	6182.0	6182.0	6258.0	50.581	0.094	6182.0	6182.0	6260.0	247.725	0.101
gg_ip_size524_type2b_1.csv	524	4596.0	4596.0	4800.0	0.406	0.047	4596.0	4596.0	4900.0	1.035	0.053
gg_ip_size511_type2b_2.csv	511	4526.0	4526.0	4540.0	9.199	0.051	4530.0	4530.0	4540.0	14.23	0.055
gg_ip_size402_type2b_3.csv	402	3978.0	3978.0	3980.0	1.258	0.034	3980.0	3980.0	4182.0	1.741	0.043
gg_ip_size706_type2b_4.csv	706	6922.0	6922.0	7010.0	8.39	0.065	6922.0	6922.0	7212.0	27.656	0.085
gg_ip_size416_type2b_5.csv	416	4288.0	4288.0	4320.0	0.637	0.037	4302.0	4302.0	4426.0	4.204	0.045
gg_ip_size901_type2b_6.csv	901	6236.0	6236.0	6250.0	5.053	0.099	6238.0	6238.0	6250.0	11.987	0.111
gg_ip_size310_type2b_7.csv	310	3480.0	3480.0	3490.0	5.907	0.024	3480.0	3480.0	3490.0	20.884	0.027
gg_ip_size501_type2b_8.csv	501	5392.0	5392.0	5480.0	3.035	0.052	5394.0	5394.0	5686.0	13.066	0.071
gg_ip_size814_type2b_9.csv	814	6000.0	6000.0	6028.0	8.487	0.075	6000.0	6000.0	6028.0	32.116	0.088
gg_ip_size204_type2b_10.csv	204	2962.0	2962.0	2962.0	0.118	0.012	3060.0	3060.0	3164.0	0.398	0.018
gg_ip_size1001_type2b_11.csv	1001	7760.0	7760.0	7770.0	777.071	0.117	7734.13	8072.0	8182.0	902.367	0.174
gg_ip_size100_type2b_12.csv	100	1524.0	1524.0	1528.0	0.066	0.007	1524.0	1524.0	1528.0	0.094	0.008
gg_ip_size1005_type2b_13.csv	1005	9024.0	9024.0	9052.0	8.218	0.101	9116.0	9116.0	9264.0	68.606	0.157
gg_ip_size800_type2b_14.csv	800	7606.0	7606.0	7632.0	31.162	0.07	7614.0	7714.0	8042.0	900.628	0.119
gg_ip_size813_type2b_15.csv	813	6734.0	6734.0	6738.0	14.642	0.075	6734.0	6734.0	6740.0	31.822	0.088
gg_ip_size500_type2b_16.csv	500	5292.0	5292.0	5298.0	9.483	0.044	5294.0	5294.0	5406.0	16.606	0.06
gg_ip_size603_type2b_17.csv	603	4958.0	4958.0	4976.0	5.995	0.06	4958.0	4958.0	5178.0	11.456	0.072
gg_ip_size106_type2b_18.csv	106	2122.0	2122.0	2124.0	0.144	0.007	2126.0	2126.0	2228.0	0.297	0.009
gg_ip_size804_type2b_19.csv	804	6750.0	6750.0	6758.0	1.162	0.064	6752.0	6752.0	7064.0	1.674	0.1
gg_ip_size306_type2b_20.csv	306	3378.0	3378.0	3384.0	0.117	0.021	3378.0	3378.0	3384.0	0.437	0.023
gg_ip_size503_type2b_21.csv	503	5378.0	5378.0	5488.0	6.967	0.055	5388.0	5388.0	5794.0	17.002	0.072
gg_ip_size600_type2b_22.csv	600	6198.0	6198.0	6206.0	4.896	0.055	6198.0	6198.0	6308.0	29.881	0.069
gg_ip_size702_type2b_23.csv	702	6814.0	6814.0	6874.0	4.623	0.066	6814.0	6814.0	7078.0	9.419	0.086
gg_ip_size512_type2b_24.csv	512	5294.0	5294.0	5362.0	10.689	0.039	5328.0	5330.0	5570.0	900.823	0.064
gg_ip_size1001_type2b_25.csv	1001	8260.0	8260.0	8354.0	507.098	0.129	8260.0	8264.0	8456.0	900.069	0.145
gg_ip_size401_type2b_26.csv	401	3812.0	3812.0	3814.0	0.296	0.035	3812.0	3812.0	3814.0	0.961	0.037
gg_ip_size1012_type2b_27.csv	1012	8388.0	8388.0	8496.0	17.948	0.119	8584.0	8584.0	8800.0	94.009	0.169
gg_ip_size901_type2b_28.csv	901	9174.0	9174.0	9176.0	36.553	0.081	9274.0	9274.0	9280.0	707.549	0.099
gg_ip_size300_type2b_29.csv	300	3056.0	3056.0	3084.0	0.843	0.023	3056.0	3056.0	3084.0	5.796	0.025
gg_ip_size816_type2b_30.csv	816	6686.0	6686.0	6782.0	69.967	0.084	6688.0	6688.0	7084.0	205.595	0.116
gg_ip_size600_type2b_31.csv	600	5880.0	5880.0	5884.0	29.606	0.066	5980.0	5980.0	5984.0	41.375	0.129
gg_ip_size201_type2b_32.csv	201	2480.0	2480.0	2482.0	0.157	0.013	2578.0	2578.0	2582.0	0.326	0.016
gg_ip_size402_type2b_33.csv	402	4388.0	4388.0	4390.0	0.657	0.031	4394.0	4394.0	4396.0	5.048	0.039
gg_ip_size804_type2b_34.csv	804	7152.0	7152.0	7178.0	7.489	0.099	7152.0	7152.0	7184.0	36.168	0.126
gg_ip_size910_type2b_35.csv	910	7362.0	7362.0	7432.0	11.87	0.103	7362.0	7362.0	7434.0	25.549	0.118
gg_ip_size400_type2b_36.csv	400	3940.0	3940.0	3960.0	0.344	0.035	3940.0	3940.0	3960.0	0.429	0.038
gg_ip_size1000_type2b_37.csv	1000	7784.0	7784.0	7948.0	72.198	0.141	7786.0	7786.0	8254.0	373.405	0.164
gg_ip_size710_type2b_38.csv	710	6660.0	6660.0	6748.0	38.982	0.071	6666.0	6666.0	6954.0	139.731	0.099
gg_ip_size800_type2b_39.csv	800	7058.0	7058.0	7076.0	542.467	0.082	7045.44	7186.0	7186.0	900.4	0.121
gg_ip_size513_type2b_40.csv	513	5154.0	5154.0	5178.0	2.536	0.053	5154.0	5154.0	5182.0	4.923	0.063
gg_ip_size707_type2b_41.csv	707	6642.0	6642.0	6780.0	19.946	0.076	6742.0	7042.0	7284.0	900.224	0.109
gg_ip_size102_type2b_42.csv	102	1924.0	1924.0	1926.0	0.113	0.007	2024.0	2024.0	2130.0	0.641	0.009
gg_ip_size700_type2b_43.csv	700	5948.0	5948.0	5948.0	10.113	0.06	5950.0	5950.0	6056.0	19.157	0.082
gg_ip_size404_type2b_44.csv	404	5072.0	5072.0	5096.0	138.506	0.04	5072.0	5172.0	5198.0	900.894	0.051
gg_ip_size105_type2b_45.csv	105	1520.0	1520.0	1536.0	0.041	0.007	1620.0	1620.0	1736.0	0.16	0.009
gg_ip_size301_type2b_46.csv	301	3178.0	3178.0	3196.0	3.704	0.024	3180.0	3180.0	3198.0	8.878	0.028
gg_ip_size102_type2b_47.csv	102	1630.0	1630.0	1638.0	0.056	0.009	1630.0	1630.0	1738.0	0.059	0.009
gg_ip_size607_type2b_48.csv	607	5696.0	5696.0	5720.0	15.918	0.058	5696.0	5696.0	5724.0	39.0	0.074
gg_ip_size308_type2b_49.csv	308	4042.0	4042.0	4062.0	9.683	0.024	4056.0	4056.0	4170.0	48.064	0.035
gg_ip_size919_type2b_50.csv	919	6638.0	6638.0	6780.0	9.05	0.111	6652.0	6652.0	6886.0	18.275	0.139
gg_ip_size413_type2b_51.csv	413	4718.0	4718.0	4720.0	3.32	0.034	4718.0	4818.0	4826.0	900.862	0.049
gg_ip_size202_type2b_52.csv	202	3070.0	3070.0	3070.0	0.153	0.013	3072.0	3072.0	3172.0	0.602	0.016
gg_ip_size604_type2b_53.csv	604	5484.0	5484.0	5484.0	9.816	0.053	5500.0	5500.0	5996.0	163.807	0.079
gg_ip_size302_type2b_54.csv	302	4264.0	4264.0	4280.0	1.271	0.022	4268.0	4268.0	4384.0	10.122	0.029
gg_ip_size1010_type2b_55.csv	1010	9988.0	9988.0	10026.0	83.322	0.118	10012.0	10012.0	10340.0	437.636	0.178
gg_ip_size202_type2b_56.csv	202	2554.0	2554.0	2564.0	0.058	0.013	2554.0	2554.0	2664.0	0.067	0.016
gg_ip_size108_type2b_57.csv	108	1852.0	1852.0	1852.0	0.074	0.007	1856.0	1856.0	1954.0	0.094	0.009
gg_ip_size703_type2b_58.csv	703	6550.0	6550.0	6570.0	8.745	0.064	6560.0	6560.0	6678.0	136.258	0.083
gg_ip_size801_type2b_59.csv	801	5728.0	5728.0	5758.0	834.187	0.096	5751.0	5860.0	6166.0	900.319	0.142
gg_ip_size512_type2b_60.csv	512	4828.0	4828.0	4828.0	2.274	0.043	4928.0	4928.0	4932.0	12.127	0.065
gg_ip_size702_type2b_61.csv	702	6556.0	6556.0	6566.0	5.352	0.071	6566.0	6566.0	6870.0	210.169	0.096
gg_ip_size408_type2b_62.csv	408	4850.0	4850.0	4860.0	0.84	0.032	4876.0	4876.0	5272.0	136.65	0.055
gg_ip_size711_type2b_63.csv	711	5340.0	5340.0	5362.0	82.091	0.081	5340.0	5340.0	5462.0	703.499	0.096
gg_ip_size602_type2b_64.csv	602	5662.0	5662.0	5716.0	5.946	0.052	5662.0	5662.0	5926.0	46.025	0.08
gg_ip_size611_type2b_65.csv	611	5434.0	5434.0	5534.0	0.522	0.059	5442.0	5442.0	5734.0	1.141	0.077
gg_ip_size1004_type2b_66.csv	1004	8126.0	8126.0	8318.0	20.458	0.114	8130.0	8130.0	8524.0	73.336	0.147
gg_ip_size1002_type2b_67.csv	1002	6836.0	6836.0	6958.0	17.865	0.128	6840.0	6840.0	7164.0	38.985	0.144
gg_ip_size304_type2b_68.csv	304	3552.0	3552.0	3566.0	0.334	0.022	3558.0	3558.0	3670.0	1.235	0.027
gg_ip_size513_type2b_69.csv	513	5642.0	5642.0	5650.0	0.748	0.044	5762.0	5762.0	5954.0	352.564	0.067
gg_ip_size611_type2b_70.csv	611	5620.0	5620.0	5642.0	42.105	0.066	5722.0	5722.0	5844.0	729.015	0.081
gg_ip_size103_type2b_71.csv	103	1822.0	1822.0	1824.0	0.113	0.008	1822.0	1822.0	1828.0	0.129	0.009
gg_ip_size405_type2b_72.csv	405	4362.0	4362.0	4376.0	4.4	0.041	4380.0	4380.0	4584.0	16.93	0.048
gg_ip_size200_type2b_73.csv	200	2346.0	2346.0	2346.0	1.714	0.015	2346.0	2346.0	2348.0	3.855	0.016
gg_ip_size505_type2b_74.csv	505	4390.0	4390.0	4434.0	9.581	0.051	4390.0	4390.0	4536.0	17.739	0.062
gg_ip_size909_type2b_75.csv	909	6942.0	6942.0	6980.0	3.241	0.084	7040.0	7040.0	7290.0	13.982	0.13
gg_ip_size1003_type2b_76.csv	1003	8604.0	8604.0	8626.0	14.402	0.118	8604.0	8604.0	8726.0	72.611	0.136
gg_ip_size101_type2b_77.csv	101	1620.0	1620.0	1622.0	0.214	0.008	1622.0	1622.0	1822.0	0.454	0.01
gg_ip_size914_type2b_78.csv	914	7850.0	7850.0	7888.0	58.081	0.096	7850.0	7850.0	8398.0	229.775	0.139
gg_ip_size306_type2b_79.csv	306	3662.0	3662.0	3882.0	1.106	0.031	3762.0	3762.0	3986.0	10.898	0.039
gg_ip_size417_type2b_80.csv	417	4798.0	4798.0	4812.0	6.808	0.035	4800.0	4800.0	5018.0	40.263	0.045
gg_ip_size613_type2b_81.csv	613	7246.0	7246.0	7258.0	58.443	0.054	7354.0	7354.0	7566.0	168.223	0.075
gg_ip_size911_type2b_82.csv	911	7248.0	7248.0	7254.0	7.722	0.076	7266.0	7266.0	7356.0	48.896	0.108
gg_ip_size201_type2b_83.csv	201	2956.0	2956.0	2956.0	0.352	0.014	2956.0	2956.0	2956.0	0.349	0.014
gg_ip_size103_type2b_84.csv	103	1712.0	1712.0	1712.0	0.046	0.007	1712.0	1712.0	1714.0	0.081	0.008
gg_ip_size200_type2b_85.csv	200	2746.0	2746.0	2756.0	1.185	0.016	2746.0	2746.0	2756.0	3.531	0.017
gg_ip_size301_type2b_86.csv	301	3882.0	3882.0	3902.0	0.148	0.02	3984.0	3984.0	4106.0	0.824	0.03
gg_ip_size701_type2b_87.csv	701	6972.0	7032.0	7176.0	903.211	0.069	6972.0	7236.0	7480.0	904.003	0.099
gg_ip_size300_type2b_88.csv	300	3228.0	3228.0	3256.0	2.964	0.023	3234.0	3234.0	3262.0	15.121	0.029
gg_ip_size905_type2b_89.csv	905	6504.0	6504.0	6550.0	3.531	0.104	6504.0	6504.0	6652.0	3.606	0.119
gg_ip_size902_type2b_90.csv	902	7244.0	7244.0	7280.0	342.968	0.098	7352.0	7354.0	7392.0	900.841	0.141
gg_ip_size1001_type2b_91.csv	1001	7902.0	7902.0	7970.0	119.888	0.125	7902.0	7902.0	7970.0	390.964	0.139
gg_ip_size704_type2b_92.csv	704	6034.0	6034.0	6108.0	8.507	0.07	6036.0	6036.0	6216.0	21.87	0.101
gg_ip_size202_type2b_93.csv	202	2152.0	2152.0	2152.0	0.052	0.013	2152.0	2152.0	2152.0	0.147	0.014
gg_ip_size100_type2b_94.csv	100	1622.0	1622.0	1630.0	0.075	0.007	1622.0	1622.0	1830.0	0.072	0.009
gg_ip_size602_type2b_95.csv	602	6454.0	6454.0	6550.0	24.177	0.06	6462.0	6462.0	6758.0	347.491	0.08
gg_ip_size204_type2b_96.csv	204	2442.0	2442.0	2442.0	0.065	0.013	2538.0	2538.0	2644.0	0.792	0.018
gg_ip_size901_type2b_97.csv	901	6358.0	6358.0	6368.0	21.315	0.096	6358.0	6358.0	6470.0	98.244	0.118
gg_ip_size203_type2b_98.csv	203	2338.0	2338.0	2442.0	1.364	0.021	2340.0	2340.0	2442.0	1.724	0.022
gg_ip_size806_type2b_99.csv	806	6708.0	6708.0	6720.0	56.04	0.087	6708.0	6708.0	6826.0	124.596	0.115
gg_ip_size857_type2b_100.csv	857	6360.0	6360.0	6434.0	89.606	0.1	6362.0	6362.0	6436.0	736.016	0.112
gg_ip_size451_type2b_101.csv	451	5232.0	5232.0	5260.0	10.735	0.047	5232.0	5232.0	5262.0	19.212	0.054
gg_ip_size155_type2b_102.csv	155	2294.0	2294.0	2306.0	0.216	0.011	2296.0	2296.0	2406.0	0.497	0.013
gg_ip_size452_type2b_103.csv	452	4550.0	4550.0	4562.0	522.045	0.046	4639.0	4644.0	4762.0	900.802	0.056
gg_ip_size259_type2b_104.csv	259	2800.0	2800.0	2802.0	1.664	0.019	2800.0	2800.0	3206.0	6.666	0.029
gg_ip_size775_type2b_105.csv	775	7782.0	7782.0	7788.0	9.173	0.071	7788.0	7788.0	7998.0	210.782	0.116
gg_ip_size151_type2b_106.csv	151	1996.0	1996.0	1996.0	0.062	0.01	1996.0	1996.0	2098.0	0.307	0.013
gg_ip_size851_type2b_107.csv	851	8552.52	8560.0	8592.0	900.127	0.087	8552.6	8876.0	8900.0	900.525	0.136
gg_ip_size852_type2b_108.csv	852	6910.0	6910.0	6952.0	16.08	0.082	6914.0	6914.0	6956.0	49.368	0.112
gg_ip_size972_type2b_109.csv	972	6691.0	6774.0	6804.0	902.595	0.119	6692.0	6774.0	6908.0	902.786	0.138
gg_ip_size750_type2b_110.csv	750	6018.0	6018.0	6024.0	21.422	0.077	6018.0	6018.0	6128.0	61.604	0.096
gg_ip_size560_type2b_111.csv	560	5848.0	5848.0	5868.0	48.202	0.056	5854.0	5854.0	5870.0	631.198	0.064
gg_ip_size353_type2b_112.csv	353	3752.0	3752.0	3764.0	0.416	0.024	3754.0	3754.0	3868.0	0.856	0.033
gg_ip_size654_type2b_113.csv	654	6820.0	6820.0	6914.0	7.535	0.061	6918.0	6918.0	7016.0	259.143	0.075
gg_ip_size250_type2b_114.csv	250	2898.0	2898.0	2904.0	0.288	0.017	2910.0	2910.0	3106.0	0.937	0.023
gg_ip_size250_type2b_115.csv	250	3210.0	3210.0	3210.0	0.461	0.029	3210.0	3210.0	3214.0	1.443	0.054
gg_ip_size354_type2b_116.csv	354	3830.0	3830.0	3852.0	1.374	0.028	3842.0	3842.0	3952.0	3.264	0.034
gg_ip_size158_type2b_117.csv	158	2808.0	2808.0	2808.0	0.063	0.01	2810.0	2810.0	2812.0	0.231	0.012
gg_ip_size350_type2b_118.csv	350	4528.0	4528.0	4528.0	0.668	0.025	4532.0	4532.0	4534.0	2.582	0.033
gg_ip_size861_type2b_119.csv	861	7734.0	7734.0	7772.0	1.657	0.085	7736.0	7736.0	7776.0	9.11	0.106
gg_ip_size352_type2b_120.csv	352	4212.0	4212.0	4216.0	2.74	0.025	4212.0	4212.0	4220.0	6.871	0.031
gg_ip_size257_type2b_121.csv	257	3418.0	3418.0	3422.0	0.603	0.02	3420.0	3420.0	3424.0	3.199	0.023
gg_ip_size163_type2b_122.csv	163	2084.0	2084.0	2090.0	1.506	0.011	2084.0	2084.0	2296.0	1.486	0.016
gg_ip_size769_type2b_123.csv	769	7098.0	7098.0	7108.0	14.942	0.075	7204.0	7304.0	7414.0	901.0	0.111
gg_ip_size655_type2b_124.csv	655	6084.0	6084.0	6186.0	2.919	0.066	6084.0	6084.0	6190.0	13.425	0.081
gg_ip_size559_type2b_125.csv	559	4680.0	4680.0	4696.0	22.402	0.054	4682.0	4682.0	4800.0	69.655	0.065
gg_ip_size460_type2b_126.csv	460	4626.0	4642.0	4652.0	901.366	0.043	4626.0	4744.0	4752.0	902.325	0.049
gg_ip_size461_type2b_127.csv	461	4374.0	4374.0	4468.0	2.071	0.045	4398.0	4398.0	4768.0	227.714	0.059
gg_ip_size754_type2b_128.csv	754	6792.0	6792.0	6830.0	40.869	0.066	6792.0	6792.0	6932.0	497.305	0.089
gg_ip_size650_type2b_129.csv	650	5806.0	5806.0	5828.0	97.114	0.065	5806.0	5806.0	5828.0	900.33	0.07
gg_ip_size755_type2b_130.csv	755	5244.0	5244.0	5322.0	6.994	0.1	5244.0	5244.0	5326.0	27.609	0.118
gg_ip_size959_type2b_131.csv	959	7952.0	7952.0	7960.0	2.501	0.088	7952.0	7952.0	7964.0	7.247	0.11
gg_ip_size567_type2b_132.csv	567	4564.0	4564.0	4672.0	2.313	0.045	4574.0	4574.0	4772.0	7.37	0.053
gg_ip_size653_type2b_133.csv	653	6482.6	6704.0	6896.0	2.201	0.058	6704.0	6704.0	7006.0	7.968	0.092
gg_ip_size165_type2b_134.csv	165	2176.0	2176.0	2182.0	0.097	0.011	2176.0	2176.0	2186.0	0.117	0.013
gg_ip_size756_type2b_135.csv	756	7124.0	7124.0	7232.0	6.447	0.078	7144.0	7246.0	7536.0	900.197	0.109
gg_ip_size658_type2b_136.csv	658	4876.0	4876.0	4878.0	0.245	0.055	4900.0	4900.0	5386.0	1.54	0.087
gg_ip_size156_type2b_137.csv	156	1976.0	1976.0	1982.0	0.954	0.012	1976.0	1976.0	2084.0	5.482	0.015
gg_ip_size451_type2b_138.csv	451	4056.0	4056.0	4100.0	3.935	0.043	4056.0	4056.0	4304.0	11.516	0.058
gg_ip_size554_type2b_139.csv	554	5888.0	5888.0	6004.0	10.566	0.052	6080.0	6080.0	6306.0	406.307	0.067
gg_ip_size359_type2b_140.csv	359	3872.0	3872.0	3878.0	0.184	0.025	3874.0	3874.0	3880.0	0.63	0.029
gg_ip_size150_type2b_141.csv	150	1874.0	1874.0	1876.0	0.049	0.009	1874.0	1874.0	1878.0	0.058	0.011
gg_ip_size761_type2b_142.csv	761	6764.0	6764.0	6782.0	66.335	0.071	6772.0	6772.0	6886.0	118.381	0.088
gg_ip_size153_type2b_143.csv	153	2398.0	2398.0	2400.0	0.169	0.012	2400.0	2400.0	2402.0	0.507	0.014
gg_ip_size550_type2b_144.csv	550	5030.0	5030.0	5042.0	12.813	0.099	5034.0	5034.0	5042.0	37.632	0.064
gg_ip_size568_type2b_145.csv	568	5008.0	5008.0	5026.0	1.777	0.057	5040.0	5040.0	5232.0	7.474	0.075
gg_ip_size654_type2b_146.csv	654	6210.0	6210.0	6210.0	9.586	0.059	6212.0	6212.0	6314.0	51.876	0.073
gg_ip_size863_type2b_147.csv	863	8050.0	8050.0	8126.0	106.232	0.096	8054.0	8154.0	8440.0	900.054	0.151
gg_ip_size353_type2b_148.csv	353	4016.0	4016.0	4018.0	367.436	0.027	4118.0	4118.0	4222.0	900.83	0.034
gg_ip_size861_type2b_149.csv	861	7364.0	7364.0	7494.0	25.427	0.092	7370.0	7370.0	7602.0	68.395	0.126
gg_ip_size965_type2b_150.csv	965	7178.0	7178.0	7402.0	7.702	0.137	7178.0	7178.0	7512.0	52.579	0.196
gg_ip_size972_type2b_151.csv	972	7924.0	7924.0	7958.0	18.114	0.106	7936.0	8036.0	8058.0	900.417	0.116
gg_ip_size859_type2b_152.csv	859	6400.0	6400.0	6474.0	6.031	0.092	6400.0	6400.0	6580.0	14.463	0.124
gg_ip_size356_type2b_153.csv	356	3312.0	3312.0	3396.0	0.251	0.064	3396.0	3396.0	3396.0	27.631	0.081
gg_ip_size253_type2b_154.csv	253	4300.12	4406.0	4406.0	901.643	0.02	4233.08	4412.0	4412.0	902.947	0.026
gg_ip_size452_type2b_155.csv	452	4925.0	4938.0	5026.0	900.059	0.097	4950.0	4950.0	5436.0	195.5	0.067
gg_ip_size154_type2b_156.csv	154	2070.0	2070.0	2078.0	0.358	0.012	2070.0	2070.0	2078.0	1.424	0.013
gg_ip_size950_type2b_157.csv	950	6952.0	6952.0	6960.0	6.073	0.094	6956.0	6956.0	7062.0	31.985	0.115
gg_ip_size258_type2b_158.csv	258	2710.0	2710.0	2710.0	3.065	0.017	2710.0	2710.0	2714.0	7.468	0.021
gg_ip_size451_type2b_159.csv	451	5342.0	5342.0	5362.0	24.357	0.04	5344.0	5344.0	5466.0	59.866	0.053
gg_ip_size451_type2b_160.csv	451	5148.0	5148.0	5166.0	684.082	0.04	5150.0	5150.0	5168.0	900.896	0.046
gg_ip_size468_type2b_161.csv	468	4450.0	4450.0	4450.0	3.372	0.04	4452.0	4452.0	4554.0	5.981	0.05
gg_ip_size956_type2b_162.csv	956	7723.6	7726.0	7776.0	900.116	0.098	7715.0	8040.0	8180.0	900.519	0.129
gg_ip_size551_type2b_163.csv	551	5912.0	5950.0	5972.0	902.907	0.057	5912.0	6074.0	6074.0	903.5	0.066
gg_ip_size153_type2b_164.csv	153	1990.0	1990.0	1990.0	0.063	0.01	1990.0	1990.0	2190.0	0.139	0.012
gg_ip_size852_type2b_165.csv	852	6392.0	6392.0	6476.0	16.104	0.094	6394.0	6394.0	6680.0	77.258	0.125
gg_ip_size951_type2b_166.csv	951	7700.0	7700.0	7730.0	18.873	0.089	7702.0	7702.0	7838.0	268.538	0.13
gg_ip_size662_type2b_167.csv	662	5112.0	5112.0	5124.0	48.535	0.059	5114.0	5316.0	5526.0	900.514	0.09
gg_ip_size259_type2b_168.csv	259	2642.0	2642.0	2644.0	0.093	0.018	2642.0	2642.0	2744.0	0.199	0.022
gg_ip_size453_type2b_169.csv	453	4182.0	4182.0	4184.0	5.618	0.042	4184.0	4184.0	4288.0	77.311	0.056
gg_ip_size556_type2b_170.csv	556	4394.0	4394.0	4422.0	18.51	0.052	4394.0	4394.0	4624.0	73.087	0.073
gg_ip_size857_type2b_171.csv	857	6808.0	6808.0	6810.0	12.555	0.083	6816.0	6816.0	7016.0	42.116	0.113
gg_ip_size661_type2b_172.csv	661	5622.0	5622.0	5626.0	1.0	0.053	5624.0	5624.0	5732.0	3.498	0.072
gg_ip_size555_type2b_173.csv	555	6112.0	6112.0	6152.0	676.941	0.054	6112.0	6328.0	6352.0	900.183	0.066
gg_ip_size658_type2b_174.csv	658	5842.0	5842.0	5968.0	11.01	0.066	5850.0	5850.0	5970.0	24.871	0.075
gg_ip_size957_type2b_175.csv	957	9326.0	9326.0	9414.0	634.085	0.096	9326.0	9538.0	9828.0	900.859	0.171
gg_ip_size759_type2b_176.csv	759	6140.0	6140.0	6150.0	4.696	0.062	6140.0	6140.0	6254.0	15.393	0.08
gg_ip_size956_type2b_177.csv	956	8158.0	8158.0	8220.0	111.777	0.102	8251.06	8356.0	8726.0	900.119	0.154
gg_ip_size869_type2b_178.csv	869	7168.0	7168.0	7182.0	56.724	0.08	7172.0	7172.0	7390.0	218.576	0.126
gg_ip_size553_type2b_179.csv	553	5364.0	5364.0	5376.0	14.074	0.054	5364.0	5364.0	5378.0	79.797	0.062
gg_ip_size353_type2b_180.csv	353	4034.0	4034.0	4034.0	0.167	0.023	4038.0	4038.0	4236.0	1.667	0.032
gg_ip_size352_type2b_181.csv	352	3604.0	3604.0	3698.0	4.29	0.029	3700.0	3700.0	3800.0	112.637	0.035
gg_ip_size655_type2b_182.csv	655	7580.0	7580.0	7584.0	129.296	0.058	7580.0	7686.0	7694.0	900.309	0.093
gg_ip_size750_type2b_183.csv	750	5746.0	5746.0	5802.0	1.647	0.085	5746.0	5746.0	5906.0	12.829	0.111
gg_ip_size351_type2b_184.csv	351	3460.0	3460.0	3462.0	1.825	0.03	3460.0	3460.0	3564.0	4.493	0.037
gg_ip_size255_type2b_185.csv	255	3018.0	3018.0	3022.0	0.12	0.017	3018.0	3018.0	3324.0	0.499	0.023
gg_ip_size753_type2b_186.csv	753	5778.0	5778.0	5780.0	0.401	0.061	5778.0	5778.0	5782.0	0.961	0.071
gg_ip_size250_type2b_187.csv	250	2682.0	2682.0	2778.0	0.135	0.016	2684.0	2684.0	2782.0	0.174	0.02
gg_ip_size960_type2b_188.csv	960	9516.0	9516.0	9520.0	48.405	0.102	9622.0	9824.0	9930.0	900.466	0.173
gg_ip_size309_type2a_189.csv	309	2234.0	2234.0	2234.0	0.16	0.021	2234.0	2234.0	2334.0	0.316	0.024
gg_ip_size807_type2a_190.csv	807	5268.0	5268.0	5332.0	368.749	0.095	5257.6	5338.0	5338.0	900.373	0.122
gg_ip_size508_type2a_191.csv	508	3288.19	3374.0	3378.0	903.45	0.044	3374.0	3374.0	3484.0	118.445	0.058
gg_ip_size204_type2a_192.csv	204	1775.36	1816.0	1820.0	901.843	0.014	1818.0	1818.0	1822.0	244.7	0.018
gg_ip_size444_type2a_193.csv	444	3432.0	3500.0	3522.0	902.099	0.05	3432.0	3622.0	3622.0	903.362	0.057
gg_ip_size800_type2a_194.csv	800	4602.0	4602.0	4684.0	231.803	0.082	4602.0	4602.0	4684.0	590.514	0.089
gg_ip_size736_type2a_195.csv	736	4601.76	4678.0	4780.0	902.251	0.076	4601.86	4784.0	4884.0	902.775	0.09
gg_ip_size942_type2a_196.csv	942	6132.0	6132.0	6226.0	131.885	0.093	6132.0	6132.0	6334.0	900.968	0.135
gg_ip_size626_type2a_197.csv	626	4236.0	4236.0	4264.0	850.273	0.055	4236.0	4236.0	4474.0	729.12	0.079
gg_ip_size979_type2a_198.csv	979	6160.12	6250.0	6260.0	901.788	0.092	6160.31	6356.0	6366.0	902.237	0.121
gg_ip_size710_type2a_199.csv	710	5064.0	5064.0	5170.0	65.722	0.066	5064.0	5064.0	5274.0	705.328	0.08
gg_ip_size102_type2a_200.csv	102	1016.0	1016.0	1018.0	0.231	0.007	1018.0	1018.0	1120.0	1.449	0.008
gg_ip_size967_type2a_201.csv	967	5737.1	5840.0	5840.0	904.3	0.093	5738.12	5850.0	5850.0	901.953	0.135
gg_ip_size721_type2a_202.csv	721	4652.0	4652.0	4662.0	10.292	0.066	4652.0	4652.0	4770.0	168.44	0.093
gg_ip_size603_type2a_203.csv	603	4219.0	4244.0	4284.0	902.493	0.053	4219.0	4388.0	4388.0	902.544	0.073
gg_ip_size401_type2a_204.csv	401	3396.0	3396.0	3396.0	0.152	0.026	3620.03	3896.0	3906.0	901.253	0.046
gg_ip_size810_type2a_205.csv	810	4662.0	4662.0	4698.0	15.174	0.091	4676.0	4676.0	4806.0	258.773	0.178
gg_ip_size406_type2a_206.csv	406	3136.0	3136.0	3136.0	7.659	0.03	3136.0	3136.0	3342.0	33.93	0.042
gg_ip_size228_type2a_207.csv	228	2134.0	2134.0	2134.0	1.197	0.015	2206.0	2206.0	2236.0	8.359	0.018
gg_ip_size338_type2a_208.csv	338	2606.0	2606.0	2608.0	4.448	0.024	2606.0	2606.0	2614.0	27.906	0.033
gg_ip_size317_type2a_209.csv	317	2658.0	2658.0	2658.0	0.118	0.019	2658.0	2658.0	2662.0	0.598	0.025
gg_ip_size516_type2a_210.csv	516	3560.0	3560.0	3560.0	5.571	0.034	3718.0	3966.0	3970.0	902.436	0.049
gg_ip_size900_type2a_211.csv	900	5231.29	5256.0	5262.0	900.099	0.078	5348.0	5354.0	5566.0	900.211	0.11
gg_ip_size714_type2a_212.csv	714	5458.0	5458.0	5492.0	1.732	0.07	5480.0	5480.0	5798.0	156.898	0.1
gg_ip_size619_type2a_213.csv	619	4955.05	5038.0	5132.0	902.035	0.053	5026.22	5348.0	5348.0	900.38	0.085
gg_ip_size106_type2a_214.csv	106	1214.0	1214.0	1218.0	0.085	0.019	1214.0	1214.0	1218.0	0.201	0.007
gg_ip_size707_type2a_215.csv	707	4812.73	4916.0	4920.0	900.999	0.056	4804.38	5118.0	5226.0	903.35	0.083
gg_ip_size433_type2a_216.csv	433	3180.0	3180.0	3278.0	7.431	0.039	3180.0	3180.0	3380.0	28.959	0.047
gg_ip_size928_type2a_217.csv	928	5948.0	5948.0	5968.0	5.995	0.078	5960.0	5960.0	6076.0	46.543	0.11
gg_ip_size226_type2a_218.csv	226	1504.0	1504.0	1504.0	0.054	0.012	1604.0	1604.0	1606.0	0.592	0.013
gg_ip_size301_type2a_219.csv	301	2420.0	2420.0	2420.0	0.28	0.022	2438.0	2438.0	2526.0	1.532	0.027
gg_ip_size103_type2a_220.csv	103	1008.0	1008.0	1008.0	0.016	0.006	1008.0	1008.0	1010.0	0.033	0.007
gg_ip_size528_type2a_221.csv	528	3650.0	3650.0	3650.0	4.577	0.042	3652.0	3652.0	3754.0	13.164	0.051
gg_ip_size431_type2a_222.csv	431	3368.0	3368.0	3380.0	2.901	0.031	3374.0	3374.0	3584.0	8.221	0.042
gg_ip_size608_type2a_223.csv	608	3832.0	3832.0	3832.0	17.244	0.064	3832.0	3832.0	3936.0	92.654	0.08
gg_ip_size119_type2a_224.csv	119	1332.0	1332.0	1332.0	0.699	0.008	1332.0	1332.0	1334.0	1.81	0.01
gg_ip_size847_type2a_225.csv	847	5044.0	5044.0	5060.0	167.439	0.076	5050.0	5050.0	5164.0	900.916	0.093
gg_ip_size366_type2a_226.csv	366	3080.0	3080.0	3080.0	3.605	0.024	3082.0	3186.0	3486.0	900.465	0.035
gg_ip_size574_type2a_227.csv	574	4602.0	4602.0	4608.0	10.353	0.054	4606.0	4606.0	4708.0	88.801	0.06
gg_ip_size812_type2a_228.csv	812	5314.0	5314.0	5398.0	19.073	0.083	5320.0	5320.0	5604.0	127.84	0.103
gg_ip_size305_type2a_229.csv	305	2522.0	2522.0	2554.0	16.959	0.026	2522.0	2522.0	2554.0	122.238	0.029
gg_ip_size227_type2a_230.csv	227	2446.0	2446.0	2448.0	3.436	0.016	2446.0	2446.0	2450.0	34.748	0.018
gg_ip_size208_type2a_231.csv	208	2040.0	2040.0	2046.0	0.325	0.013	2040.0	2040.0	2048.0	0.267	0.016
gg_ip_size517_type2a_232.csv	517	4360.0	4360.0	4382.0	20.196	0.065	4364.0	4364.0	4386.0	143.126	0.079
gg_ip_size818_type2a_233.csv	818	5255.0	5286.0	5306.0	902.314	0.08	5237.0	5294.0	5308.0	901.616	0.091
gg_ip_size100_type2a_234.csv	100	1222.0	1222.0	1224.0	0.241	0.007	1222.0	1222.0	1224.0	0.53	0.008
gg_ip_size407_type2a_235.csv	407	3424.0	3424.0	3428.0	0.6	0.027	3532.0	3532.0	4144.0	66.507	0.053
gg_ip_size616_type2a_236.csv	616	4460.0	4460.0	4488.0	793.554	0.063	4393.0	4666.0	4700.0	904.184	0.087
gg_ip_size639_type2a_237.csv	639	4398.94	4474.0	4476.0	901.583	0.062	4383.26	4480.0	4580.0	901.183	0.078
gg_ip_size519_type2a_238.csv	519	3824.0	3824.0	3824.0	8.58	0.045	3824.0	3824.0	3824.0	5.919	0.047
gg_ip_size772_type2a_239.csv	772	5604.22	5730.0	5744.0	901.0	0.074	5604.35	5948.0	5948.0	901.323	0.088
gg_ip_size600_type2a_240.csv	600	4833.0	4862.0	4862.0	900.856	0.051	4866.0	5070.0	5374.0	900.987	0.082
gg_ip_size512_type2a_241.csv	512	3642.0	3642.0	3780.0	5.851	0.049	3642.0	3642.0	3782.0	5.992	0.052
gg_ip_size347_type2a_242.csv	347	2577.0	2626.0	2628.0	901.498	0.029	2577.0	2730.0	2730.0	902.264	0.034
gg_ip_size1035_type2a_243.csv	1035	5716.01	5792.0	5798.0	901.823	0.091	5696.77	6308.0	6312.0	901.969	0.163
gg_ip_size115_type2a_244.csv	115	1426.0	1426.0	1428.0	0.694	0.009	1426.0	1426.0	1430.0	0.707	0.01
gg_ip_size1089_type2a_245.csv	1089	6534.0	6534.0	6536.0	3.86	0.096	6534.0	6534.0	6742.0	15.921	0.141
gg_ip_size113_type2a_246.csv	113	1628.0	1628.0	1630.0	0.315	0.008	1628.0	1628.0	1734.0	0.452	0.009
gg_ip_size1001_type2a_247.csv	1001	5540.0	5540.0	5548.0	5.436	0.092	5542.0	5542.0	5654.0	37.115	0.115
gg_ip_size804_type2a_248.csv	804	4338.0	4338.0	4344.0	9.07	0.112	4338.0	4338.0	4344.0	30.199	0.119
gg_ip_size921_type2a_249.csv	921	4606.0	4606.0	4684.0	26.522	0.083	4606.0	4606.0	4784.0	116.451	0.099
gg_ip_size906_type2a_250.csv	906	4866.0	4866.0	4868.0	125.557	0.077	4866.0	4970.0	5070.0	901.236	0.102
gg_ip_size346_type2a_251.csv	346	3258.0	3258.0	3358.0	0.166	0.022	3368.0	3568.0	3766.0	900.75	0.036
gg_ip_size756_type2a_252.csv	756	5046.0	5046.0	5226.0	85.117	0.092	5046.0	5046.0	5534.0	900.144	0.119
gg_ip_size141_type2a_253.csv	141	1356.0	1356.0	1356.0	1.19	0.009	1356.0	1356.0	1358.0	7.758	0.011
gg_ip_size211_type2a_254.csv	211	2314.0	2314.0	2314.0	0.129	0.012	2610.0	2710.0	2720.0	900.52	0.018
gg_ip_size579_type2a_255.csv	579	3672.0	3672.0	3672.0	630.79	0.054	3617.53	3674.0	3674.0	902.843	0.062
gg_ip_size1054_type2a_256.csv	1054	5907.36	5960.0	6072.0	901.85	0.127	5907.33	6070.0	6176.0	902.073	0.165
gg_ip_size797_type2a_257.csv	797	5316.0	5316.0	5324.0	12.916	0.069	5318.0	5318.0	5430.0	121.747	0.098
gg_ip_size705_type2a_258.csv	705	5070.35	5076.0	5078.0	900.079	0.059	5051.6	5290.0	5290.0	900.441	0.095
gg_ip_size411_type2a_259.csv	411	3174.0	3174.0	3188.0	0.492	0.031	3174.0	3174.0	3292.0	1.113	0.04
gg_ip_size746_type2a_260.csv	746	4626.0	4626.0	4628.0	1.319	0.068	4626.0	4626.0	4730.0	3.036	0.085
gg_ip_size803_type2a_261.csv	803	4626.0	4626.0	4628.0	639.44	0.066	4573.27	4636.0	4636.0	902.156	0.091
gg_ip_size713_type2a_262.csv	713	4380.5	4410.0	4412.0	901.265	0.054	4380.0	4418.0	4418.0	901.377	0.075
gg_ip_size312_type2a_263.csv	312	2248.0	2248.0	2266.0	1.749	0.022	2248.0	2248.0	2268.0	1.743	0.025
gg_ip_size201_type2a_264.csv	201	2026.0	2026.0	2028.0	3.185	0.015	2028.0	2028.0	2028.0	6.168	0.016
gg_ip_size1005_type2a_265.csv	1005	5776.69	5924.0	6018.0	901.893	0.101	5776.72	6122.0	6122.0	902.41	0.128
gg_ip_size125_type2a_266.csv	125	1334.0	1334.0	1334.0	0.081	0.008	1334.0	1334.0	1334.0	0.12	0.009
gg_ip_size757_type2a_267.csv	757	4650.0	4650.0	4660.0	329.343	0.069	4586.5	4954.0	4964.0	902.855	0.1
gg_ip_size464_type2a_268.csv	464	4096.0	4096.0	4106.0	7.935	0.035	4198.0	4400.0	4516.0	900.242	0.054
gg_ip_size1014_type2a_269.csv	1014	6072.58	6178.0	6266.0	902.206	0.133	6053.2	6286.0	6376.0	902.63	0.18
gg_ip_size429_type2a_270.csv	429	3088.0	3088.0	3088.0	3.997	0.032	3088.0	3088.0	3094.0	15.75	0.045
gg_ip_size811_type2a_271.csv	811	5498.0	5498.0	5500.0	17.46	0.066	5498.0	5498.0	5614.0	168.92	0.11
gg_ip_size800_type2a_272.csv	800	4864.0	4864.0	4864.0	14.665	0.068	4964.0	4964.0	5070.0	468.94	0.088
gg_ip_size564_type2a_273.csv	564	4060.0	4060.0	4070.0	113.045	0.052	4060.0	4060.0	4074.0	903.793	0.063
gg_ip_size212_type2a_274.csv	212	1820.0	1820.0	1822.0	0.222	0.012	1830.0	1932.0	2234.0	900.515	0.02
gg_ip_size912_type2a_275.csv	912	5184.23	5294.0	5316.0	902.244	0.084	5190.81	5420.0	5420.0	903.374	0.108
gg_ip_size1057_type2a_276.csv	1057	5798.0	5798.0	5896.0	9.493	0.118	5814.0	5814.0	6000.0	52.038	0.14
gg_ip_size214_type2a_277.csv	214	2862.0	2862.0	2864.0	0.283	0.015	2876.0	3076.0	3174.0	900.266	0.024
gg_ip_size905_type2a_278.csv	905	4666.0	4718.0	4728.0	901.812	0.094	4666.0	4820.0	4834.0	902.722	0.123
gg_ip_size1091_type2a_279.csv	1091	6762.0	6762.0	6764.0	65.263	0.091	6762.0	6866.0	6868.0	900.372	0.133
gg_ip_size1049_type2a_280.csv	1049	6899.0	7040.0	7042.0	900.925	0.114	6899.0	7560.0	7654.0	901.8	0.177
gg_ip_size507_type2a_281.csv	507	3758.0	3758.0	3856.0	0.941	0.042	3758.0	3758.0	3956.0	0.948	0.048
gg_ip_size1030_type2a_282.csv	1030	5559.27	5668.0	5670.0	902.47	0.133	5560.5	5870.0	5874.0	902.863	0.164
gg_ip_size422_type2a_283.csv	422	2958.0	2958.0	2962.0	3.733	0.034	3012.0	3064.0	3064.0	900.721	0.04
gg_ip_size1025_type2a_284.csv	1025	7460.0	7460.0	7606.0	190.396	0.086	7537.7	7874.0	8726.0	901.235	0.209
gg_ip_size353_type2a_285.csv	353	2888.0	2888.0	2888.0	0.059	0.051	2888.0	2888.0	3294.0	0.24	0.038
gg_ip_size671_type2a_286.csv	671	4858.33	4952.0	4952.0	902.974	0.065	4893.14	5662.0	5662.0	901.279	0.106
gg_ip_size554_type2a_287.csv	554	4058.0	4058.0	4058.0	323.319	0.049	4058.0	4162.0	4166.0	900.734	0.066
gg_ip_size805_type2a_288.csv	805	5184.0	5184.0	5252.0	79.735	0.081	5184.0	5184.0	5254.0	520.5	0.091
gg_ip_size767_type2a_289.csv	767	4224.0	4224.0	4226.0	17.323	0.083	4224.0	4224.0	4228.0	34.124	0.076
gg_ip_size159_type2a_290.csv	159	1674.0	1674.0	1676.0	0.822	0.011	1678.0	1678.0	1880.0	1.274	0.013
gg_ip_size376_type2a_291.csv	376	2916.0	2916.0	2916.0	0.712	0.026	2936.0	2936.0	3020.0	5.975	0.034
gg_ip_size666_type2a_292.csv	666	4644.07	4762.0	4798.0	901.446	0.07	4681.75	4804.0	4804.0	903.587	0.089
gg_ip_size957_type2a_293.csv	957	5034.0	5034.0	5056.0	653.132	0.115	5034.0	5036.0	5060.0	900.108	0.135
gg_ip_size496_type2a_294.csv	496	3342.0	3342.0	3434.0	27.191	0.045	3342.0	3342.0	3436.0	27.274	0.057
gg_ip_size953_type2a_295.csv	953	6040.0	6040.0	6148.0	15.931	0.105	6040.0	6040.0	6254.0	255.067	0.135
gg_ip_size374_type2a_296.csv	374	2828.0	2828.0	2828.0	0.333	0.027	2828.0	2828.0	2834.0	2.194	0.036
gg_ip_size801_type2a_297.csv	801	4629.08	4666.0	4746.0	901.608	0.102	4626.0	4668.0	4746.0	902.46	0.111
gg_ip_size575_type2a_298.csv	575	3536.0	3536.0	3536.0	0.74	0.051	3724.0	3724.0	3942.0	900.773	0.071
gg_ip_size166_type2a_299.csv	166	1682.0	1682.0	1684.0	0.457	0.011	1686.0	1686.0	1790.0	1.24	0.014
gg_ip_size840_type2a_300.csv	840	4438.0	4438.0	4438.0	189.534	0.072	4516.0	4538.0	4646.0	901.686	0.107
gg_ip_size961_type2a_301.csv	961	5578.0	5578.0	5584.0	11.693	0.086	5578.0	5578.0	5590.0	54.588	0.107
gg_ip_size687_type2a_302.csv	687	5180.0	5180.0	5188.0	18.811	0.057	5180.0	5180.0	5290.0	31.163	0.073
gg_ip_size159_type2a_303.csv	159	1674.0	1674.0	1674.0	1.049	0.011	1674.0	1674.0	1676.0	1.475	0.012
gg_ip_size787_type2a_304.csv	787	4933.65	5040.0	5130.0	904.069	0.091	4933.67	5250.0	5346.0	904.291	0.133
gg_ip_size899_type2a_305.csv	899	6253.04	6386.0	6496.0	900.912	0.084	6253.04	6508.0	6508.0	901.229	0.122
gg_ip_size734_type2a_306.csv	734	4694.72	4792.0	4802.0	901.138	0.066	4699.53	4794.0	4804.0	901.362	0.08
gg_ip_size1055_type2a_307.csv	1055	5762.42	5876.0	5936.0	902.349	0.205	5762.39	5942.0	5942.0	902.67	0.251
gg_ip_size261_type2a_308.csv	261	2374.0	2374.0	2376.0	36.395	0.02	2374.0	2374.0	2480.0	83.463	0.025
gg_ip_size250_type2a_309.csv	250	2068.0	2068.0	2080.0	0.124	0.017	2070.0	2070.0	2182.0	0.991	0.019
gg_ip_size606_type2a_310.csv	606	4026.0	4026.0	4028.0	7.648	0.047	4050.0	4150.0	4234.0	900.626	0.064
gg_ip_size370_type2a_311.csv	370	2704.0	2704.0	2704.0	2.435	0.029	2804.0	2804.0	2906.0	73.802	0.036
gg_ip_size968_type2a_312.csv	968	5640.0	5640.0	5668.0	4.966	0.099	5640.0	5640.0	5772.0	27.237	0.116
gg_ip_size503_type2a_313.csv	503	3536.0	3536.0	3538.0	2.138	0.04	3634.0	3634.0	3744.0	85.897	0.056
gg_ip_size880_type2a_314.csv	880	4782.87	4786.0	4788.0	900.137	0.067	4783.0	4792.0	4792.0	900.388	0.089
gg_ip_size380_type2a_315.csv	380	2950.0	2950.0	3008.0	23.615	0.039	2950.0	2950.0	3112.0	55.593	0.047
gg_ip_size431_type2a_316.csv	431	3062.0	3062.0	3062.0	7.073	0.032	3064.0	3064.0	3166.0	830.599	0.046
gg_ip_size873_type2a_317.csv	873	5154.0	5154.0	5254.0	0.701	0.076	5154.0	5154.0	5256.0	2.175	0.091
gg_ip_size775_type2a_318.csv	775	5166.0	5166.0	5204.0	9.312	0.075	5166.0	5166.0	5206.0	48.17	0.081
gg_ip_size659_type2a_319.csv	659	4648.0	4648.0	4648.0	5.398	0.055	4670.0	4774.0	5164.0	900.152	0.096
gg_ip_size528_type2a_320.csv	528	3668.0	3668.0	3670.0	0.426	0.043	3668.0	3668.0	3674.0	0.475	0.052
gg_ip_size150_type2a_321.csv	150	1456.0	1456.0	1456.0	0.484	0.01	1456.0	1456.0	1456.0	0.539	0.011
gg_ip_size851_type2a_322.csv	851	5286.0	5286.0	5316.0	324.948	0.084	5286.0	5286.0	5416.0	806.138	0.102
gg_ip_size559_type2a_323.csv	559	3986.0	3986.0	3992.0	1.115	0.042	3988.0	3988.0	4398.0	6.011	0.063
gg_ip_size688_type2a_324.csv	688	4520.0	4520.0	4524.0	2.396	0.061	4524.0	4524.0	4730.0	33.561	0.08
gg_ip_size464_type2a_325.csv	464	3512.0	3512.0	3516.0	0.986	0.037	3518.0	3518.0	3822.0	9.589	0.047
gg_ip_size844_type2a_326.csv	844	5445.73	5488.0	5488.0	902.567	0.077	5444.0	5694.0	5694.0	903.435	0.098
gg_ip_size858_type2a_327.csv	858	4863.78	4912.0	4914.0	902.231	0.099	4883.0	4914.0	4916.0	904.506	0.09
gg_ip_size616_type2a_328.csv	616	3788.0	3810.0	3810.0	901.338	0.057	3791.75	3910.0	3910.0	902.485	0.07
gg_ip_size438_type2a_329.csv	438	3692.0	3692.0	3696.0	5.235	0.037	3692.0	3692.0	3698.0	12.788	0.042
gg_ip_size865_type2a_330.csv	865	5254.0	5254.0	5254.0	0.423	0.078	5256.0	5256.0	5768.0	17.898	0.139
gg_ip_size963_type2a_331.csv	963	5466.0	5466.0	5512.0	775.945	0.095	5568.0	5620.0	5620.0	901.061	0.126
gg_ip_size171_type2a_332.csv	171	1376.0	1376.0	1376.0	0.072	0.011	1386.0	1386.0	1480.0	0.259	0.013
gg_ip_size588_type2a_333.csv	588	3834.0	3834.0	3956.0	3.014	0.047	3858.0	3858.0	3956.0	5.989	0.05
gg_ip_size919_type2a_334.csv	919	5384.0	5384.0	5388.0	716.599	0.088	5388.0	5492.0	5996.0	900.431	0.136
gg_ip_size650_type2a_335.csv	650	4019.0	4024.0	4032.0	900.11	0.063	4020.0	4030.0	4034.0	900.426	0.075
gg_ip_size450_type2a_336.csv	450	3074.0	3074.0	3174.0	9.526	0.04	3074.0	3074.0	3276.0	31.874	0.048
gg_ip_size166_type2a_337.csv	166	1478.0	1478.0	1478.0	0.109	0.011	1478.0	1478.0	1478.0	0.097	0.012
gg_ip_size277_type2a_338.csv	277	2298.0	2298.0	2298.0	4.796	0.018	2300.0	2300.0	2504.0	41.756	0.027
gg_ip_size258_type2a_339.csv	258	2486.0	2486.0	2486.0	4.33	0.02	2486.0	2486.0	2592.0	12.305	0.025
gg_ip_size486_type2a_340.csv	486	3757.0	3840.0	3858.0	902.779	0.05	3840.0	3840.0	3862.0	902.199	0.062
gg_ip_size450_type2a_341.csv	450	3326.0	3326.0	3422.0	4.032	0.042	3326.0	3326.0	3424.0	4.102	0.05
gg_ip_size394_type2a_342.csv	394	2638.2	2722.0	2724.0	901.532	0.036	2638.26	2926.0	2926.0	902.147	0.043
gg_ip_size716_type2a_343.csv	716	4712.0	4712.0	4712.0	30.837	0.058	4814.0	4814.0	4924.0	130.589	0.101
gg_ip_size606_type2a_344.csv	606	4058.0	4058.0	4164.0	60.202	0.057	4058.0	4062.0	4376.0	900.941	0.087
gg_ip_size802_type2a_345.csv	802	4610.0	4654.0	4658.0	902.3	0.079	4610.0	4862.0	4868.0	902.984	0.11
gg_ip_size320_type2a_346.csv	320	2536.0	2536.0	2536.0	0.456	0.019	2640.0	2640.0	2944.0	0.941	0.029
gg_ip_size670_type2a_347.csv	670	3578.0	3578.0	3578.0	7.706	0.059	3578.0	3578.0	3682.0	13.175	0.075
gg_ip_size261_type2a_348.csv	261	2063.0	2088.0	2088.0	0.063	0.016	2106.0	2106.0	2394.0	0.724	0.021
gg_ip_size698_type2a_349.csv	698	4218.48	4390.0	4406.0	903.224	0.083	4218.51	4394.0	4510.0	903.845	0.098
gg_ip_size276_type2a_350.csv	276	2390.0	2390.0	2392.0	0.214	0.02	2392.0	2392.0	2594.0	1.455	0.024
gg_ip_size373_type2a_351.csv	373	3336.0	3336.0	3348.0	9.487	0.044	3342.0	3342.0	3556.0	53.074	0.109
gg_ip_size662_type2a_352.csv	662	4616.0	4616.0	4660.0	23.361	0.068	4618.0	4722.0	4762.0	900.071	0.08
gg_ip_size554_type2a_353.csv	554	3930.0	3930.0	3930.0	0.167	0.04	4052.0	4052.0	4232.0	0.902	0.053
gg_ip_size987_type2a_354.csv	987	5653.17	5770.0	5776.0	902.795	0.118	5653.23	6074.0	6280.0	903.306	0.15
gg_ip_size465_type2a_355.csv	465	3394.0	3394.0	3394.0	0.31	0.038	3394.0	3394.0	3496.0	1.24	0.062
gg_ip_size759_type2a_356.csv	759	5260.29	5294.0	5298.0	900.931	0.08	5265.0	5502.0	5502.0	904.176	0.107
gg_ip_size1053_type2a_357.csv	1053	6316.11	6538.0	6542.0	903.41	0.121	6314.17	6748.0	6748.0	901.098	0.157
gg_ip_size892_type2a_358.csv	892	5068.0	5068.0	5070.0	9.608	0.081	5072.0	5072.0	5176.0	94.608	0.108
gg_ip_size264_type2a_359.csv	264	2280.0	2280.0	2282.0	2.553	0.022	2280.0	2280.0	2286.0	13.743	0.026
gg_ip_size162_type2a_360.csv	162	1578.0	1578.0	1578.0	1.444	0.011	1578.0	1578.0	1682.0	3.085	0.014
gg_ip_size803_type2a_361.csv	803	4562.0	4562.0	4564.0	7.829	0.071	4562.0	4562.0	4570.0	57.3	0.092
gg_ip_size1047_type2a_362.csv	1047	7310.51	7334.0	7396.0	900.765	0.105	7310.51	7508.0	7508.0	901.18	0.151
gg_ip_size161_type2a_363.csv	161	1370.0	1370.0	1376.0	0.383	0.01	1370.0	1370.0	1376.0	0.392	0.011
gg_ip_size695_type2a_364.csv	695	4235.0	4266.0	4268.0	902.278	0.06	4235.0	4370.0	4474.0	902.929	0.079
gg_ip_size280_type2a_365.csv	280	2656.0	2656.0	2662.0	3.378	0.026	2656.0	2656.0	2664.0	12.155	0.03
gg_ip_size972_type2a_366.csv	972	5373.42	5404.0	5404.0	902.176	0.145	5375.0	5506.0	5506.0	902.571	0.165
gg_ip_size355_type2a_367.csv	355	2572.0	2572.0	2580.0	2.217	0.028	2572.0	2572.0	2580.0	4.691	0.031
gg_ip_size961_type2a_368.csv	961	4876.0	4876.0	5096.0	5.259	0.088	4876.0	4876.0	5098.0	9.739	0.11
gg_ip_size165_type2a_369.csv	165	1976.0	1976.0	1988.0	0.942	0.013	1976.0	1976.0	1988.0	5.853	0.014
gg_ip_size164_type2a_370.csv	164	1772.0	1772.0	1776.0	0.942	0.018	1776.0	1776.0	1982.0	3.915	0.023
gg_ip_size463_type2a_371.csv	463	3769.0	3904.0	3910.0	902.962	0.048	3766.5	4114.0	4114.0	903.484	0.059
gg_ip_size462_type2a_372.csv	462	3230.0	3230.0	3282.0	2.303	0.041	3230.0	3230.0	3594.0	6.446	0.06
gg_ip_size589_type2a_373.csv	589	4136.0	4136.0	4142.0	10.276	0.059	4136.0	4136.0	4146.0	32.806	0.071
gg_ip_size867_type2a_374.csv	867	5444.11	5540.0	5676.0	902.568	0.089	5444.02	5984.0	5984.0	902.921	0.131
gg_ip_size298_type2a_375.csv	298	2824.0	2824.0	2918.0	4.781	0.02	2824.0	2824.0	3022.0	21.368	0.03
gg_ip_size356_type2a_376.csv	356	3004.0	3004.0	3098.0	5.241	0.039	3004.0	3004.0	3208.0	80.268	0.056
